firstname,age
Amelia,37
Justin,60
Chris,63
Maurice,61
Linnie,64
Roger,41
Sarah,46
Caroline,44
Beulah,42
Agnes,33
Birdie,53
Larry,65
Louise,24
Darrell,64
Marvin,29
Gertrude,64
Estella,33
Rose,32
Earl,18
Adele,56
Jeanette,52
Vincent,54
Johnny,48
Lenora,43
Martin,48
Fred,46
Sarah,48
Maria,23
Joseph,46
Sophie,19
Lawrence,62
Chase,39
Essie,30
Lula,63
Lida,33
Ryan,58
Wayne,28
Lucille,62
Ora,32
Andrew,62
Jackson,65
Ricky,47
Cornelia,51
James,64
Louisa,36
Jeanette,38
Emilie,30
Allen,48
Louisa,33
Ruth,37
Mario,27
Shawn,18
Effie,20
Dennis,43
Lloyd,33
George,27
Emily,18
Lawrence,19
Terry,50
Irene,54
Mittie,24
Antonio,65
Henry,61
Amy,41
Lena,57
Roger,27
Chase,60
Nell,65
Loretta,58
Melvin,37
Rhoda,29
Alice,24
Linnie,50
Shawn,51
Lottie,36
Mollie,20
Josie,38
Gerald,33
Rosetta,26
Sally,27
Claudia,53
Jennie,60
Edgar,59
Gertrude,37
Nicholas,30
Micheal,26
Harvey,51
Tillie,25
Jay,23
Fred,21
Cordelia,52
Sara,63
Earl,39
Lawrence,42
Dale,53
Amanda,63
Roxie,36
Sam,45
Miguel,61
Adam,41
Sue,25
Ella,35
Billy,52
Lillie,60
Bradley,45
Lilly,18
Harvey,34
Kathryn,52
Katharine,50
Mike,34
Lettie,21
Tommy,63
Susan,32
Gertrude,28
Dennis,61
Dustin,26
Betty,28
Jimmy,20
Luke,34
Evan,21
Owen,54
Chester,22
Phillip,26
Sara,37
Gussie,28
Millie,35
Nettie,44
Adrian,25
Max,30
Dustin,24
Sophia,42
Hallie,51
Jayden,47
Robert,38
Rosetta,44
Eddie,52
Nelle,45
May,33
Agnes,61
Carrie,24
Gregory,25
Lora,40
Jacob,51
Eliza,28
Ruth,53
Leon,61
Beatrice,61
Hunter,32
Mittie,57
Gregory,34
Austin,61
Emma,41
Winifred,19
Ida,44
Fannie,50
Jay,32
Josephine,57
Mason,62
Earl,35
Rhoda,58
Fannie,53
Gertrude,62
Richard,37
Kathryn,38
Rosie,36
Delia,55
Elijah,53
Richard,35
Genevieve,60
Chester,20
Myrtle,64
Abbie,38
Rachel,46
Victor,57
Ollie,32
Alejandro,29
Nicholas,55
Jacob,50
Bess,37
Winifred,44
Alvin,23
Cody,35
Phoebe,62
Charlie,20
Ronnie,58
Alvin,36
Blanche,61
Lucile,19
Madge,49
Jacob,22
Cody,58
Louisa,23
Caroline,49
Maurice,39
Ola,28
Eugenia,41
Lina,38
Logan,58
Jim,28
Lura,57
Nettie,18
Jesse,55
Gene,62
Etta,30
Ruby,60
Howard,59
Leah,44
Darrell,39
Ida,48
Russell,49
Andrew,47
Maggie,51
Isaiah,29
George,52
Aaron,64
Lenora,36
Amanda,36
Matthew,22
Effie,64
Lillie,65
Calvin,41
Luella,22
Joel,35
Lee,60
Amanda,46
Paul,40
Frank,42
Brian,20
Cornelia,33
Nicholas,30
Minnie,27
Daniel,31
Amanda,37
Lewis,29
Alexander,62
Jean,41
Jacob,34
Robert,36
Josephine,35
Aaron,45
Louis,64
Fred,62
Jack,61
Inez,32
Tommy,65
Julia,54
Howard,62
Shawn,37
Elizabeth,24
Lou,30
Lester,62
Peter,23
Carrie,33
Timothy,25
Donald,23
Adam,39
Brett,37
Martha,55
Nora,43
Frances,19
Loretta,53
Francisco,48
Charlotte,23
Lawrence,53
Daisy,56
Esther,18
Ray,42
Shawn,34
Sally,61
Kate,47
Irene,35
Amy,19
Violet,55
Mike,28
Erik,41
Willie,61
Eleanor,60
Rosa,48
Virginia,32
Abbie,40
Loretta,23
Adam,18
Gary,36
Frederick,45
Lucille,33
Nannie,41
Elva,56
Jim,36
Edgar,59
Chris,61
Ricky,59
Eula,49
Mason,43
Scott,22
Jacob,21
Adam,21
Nora,47
Owen,23
Jorge,31
Leah,45
Hulda,55
Francisco,30
Adeline,53
Hettie,54
Bertha,54
Frederick,49
Maria,56
Lee,34
Hilda,46
Aiden,51
Lettie,31
Lura,47
Kenneth,40
Charlotte,50
Adeline,26
Marcus,44
Julia,34
Dean,19
Gerald,43
Leon,59
Belle,35
Madge,25
Ida,19
Eva,28
Melvin,63
Harvey,38
Randall,64
Susan,18
Evan,40
Loretta,53
Leonard,35
Clyde,27
Hulda,30
Tommy,26
Theodore,37
Clara,54
Bertha,56
Mae,45
Gordon,34
Ann,39
Willie,55
Darrell,52
Clyde,41
Verna,56
Theodore,55
Melvin,56
Ina,22
Allie,24
Roger,49
Lola,22
Jonathan,41
Kevin,41
Lilly,47
Ellen,55
Jared,32
Rachel,31
Edgar,59
Chase,46
Matilda,63
Dustin,51
Charles,58
Howard,59
Jeffrey,40
Steven,62
Rose,25
Dean,62
Jim,25
Theodore,37
Hettie,30
Ronald,55
Shawn,48
Jay,36
Caroline,65
Martin,41
Kathryn,25
Clara,43
Louis,31
Lillie,34
Lucy,36
Randy,37
Josie,28
Victoria,51
Maria,45
Tyler,59
Sarah,30
Ryan,35
Lillian,58
Alberta,39
Bernice,65
Millie,42
Ronald,46
Bobby,64
Abbie,34
Eunice,42
Leonard,29
Celia,34
Alberta,64
Miguel,48
Edward,23
Mayme,25
Katharine,60
Victor,41
Landon,48
Derrick,50
Johnny,51
Isaac,62
Marie,65
Nellie,38
Shane,32
Gary,40
Franklin,60
Marcus,58
Lina,23
Mario,35
Cecilia,53
Joseph,27
Benjamin,28
Tom,59
Gordon,26
Lora,31
Evelyn,48
Fred,60
Calvin,29
Danny,42
Luella,51
Bertie,38
Rosa,19
Inez,65
Olivia,53
Edith,20
Joshua,29
Anne,28
Lee,40
Matthew,45
Dean,33
Zachary,49
Henry,57
Ophelia,51
Bess,27
Jean,53
Victor,56
Martin,52
Ralph,25
Alan,22
Essie,64
Gussie,51
Mike,40
Christopher,50
Mabelle,19
Cecilia,22
Jeremiah,48
Susan,27
Bertha,61
Johnny,30
Bobby,36
Raymond,25
Evan,59
Joshua,60
Cole,56
Ida,26
Lura,33
Jeremiah,44
Henry,29
Janie,25
Wesley,58
Calvin,53
Marie,25
Henrietta,35
Willie,32
Ellen,61
Shawn,61
Jack,50
Loretta,58
Hallie,34
Mamie,61
Brian,65
Millie,64
Dean,22
Laura,60
Sarah,55
Harriet,65
Maud,55
Frank,25
Lela,60
Amelia,26
Hallie,48
Julian,23
Jessie,31
Steve,46
Nicholas,56
Eugene,21
Beulah,61
Edna,33
Willie,21
Donald,32
Dustin,38
Leroy,18
Catherine,30
Stephen,20
Lucy,52
Katherine,37
Cora,56
Timothy,28
Hettie,32
May,18
Lester,43
Earl,48
Steve,43
Jared,57
Henrietta,26
Hilda,53
Nannie,35
Mason,51
Francis,53
Myra,65
Lucille,61
Lora,46
Scott,37
Dorothy,46
Kate,43
Lola,32
Adeline,20
Zachary,24
Oscar,45
Jesse,27
Tom,48
Jon,60
Genevieve,41
Willie,63
Charlie,50
Lela,61
Olga,53
Gabriel,64
Mason,30
Kevin,34
Daisy,60
Howard,25
Fannie,64
Iva,27
Keith,41
Gertrude,36
Ronnie,63
Nathan,29
Phoebe,30
Ada,61
Frances,57
Mina,51
Franklin,23
Louisa,63
Jerry,23
Harold,33
Marcus,21
Henry,21
Estella,18
Craig,36
Marguerite,63
Lawrence,24
Catherine,38
Gilbert,20
Clifford,45
Andre,25
Ada,48
Earl,62
Eliza,35
Micheal,39
Ophelia,53
Andre,51
Ivan,18
Iva,49
Eva,27
Mathilda,52
Bertie,57
Joseph,26
Brandon,65
Leo,49
Seth,42
Edward,36
Ina,60
Madge,18
Jorge,60
Lucile,58
Katherine,48
Brent,57
Cecelia,56
Ora,33
Grace,35
Catherine,38
Lenora,20
Charles,18
Maggie,18
Maud,20
Jesus,59
Madge,29
Luke,33
Jeanette,23
Theodore,42
Lura,23
Mabelle,50
Charlie,40
Billy,29
Sophia,45
James,20
Douglas,64
Ethel,51
Patrick,26
Catherine,56
Laura,42
Seth,37
David,62
Juan,20
Celia,48
Birdie,47
Olivia,65
Pearl,32
Leah,57
Landon,37
Billy,35
Lola,58
Fannie,32
Dustin,65
Fannie,46
Eugene,51
Lulu,40
Lucinda,22
Mildred,56
Henrietta,23
Helen,28
Evelyn,24
Rhoda,36
Isabel,34
Stephen,29
Ophelia,33
Mathilda,39
Rosa,51
Vera,48
Phillip,54
Lida,23
Cordelia,52
Gertrude,40
Teresa,52
Johanna,54
Dale,63
Lizzie,48
Katie,51
Lily,38
Peter,52
Patrick,57
Adam,64
Josie,34
Jerry,55
Carrie,37
Mae,61
Lois,27
Joel,34
Carrie,23
Marguerite,25
Mabelle,52
Jennie,54
Arthur,55
Adam,20
Frances,42
Katie,56
Johnny,51
Andre,24
Nina,56
Annie,40
Ricky,35
Minnie,36
Addie,39
Ann,34
Dominic,47
Julia,31
Lou,54
Chris,58
Rose,56
Elnora,49
Ray,50
Juan,51
Hettie,47
Daisy,18
Alex,23
Marie,65
Eugenia,28
Jean,38
Alta,29
Dennis,55
Jose,61
Jacob,21
Blanche,40
Matthew,42
Owen,61
Sue,47
Bertha,31
Luis,53
Cornelia,49
Maud,44
Charlie,41
Rosa,31
Kyle,35
Myra,61
Carrie,35
Hilda,58
Francisco,51
Oscar,48
Dylan,51
Nannie,21
Susan,47
Christopher,35
Lucas,28
Amy,40
Phillip,23
Ada,39
Marguerite,46
Francis,54
Nell,51
Sylvia,63
Lillian,46
Mike,21
Scott,61
Maud,23
Alberta,29
Dorothy,60
Georgia,41
Ronald,47
Rachel,47
Gary,48
Roy,58
Phillip,28
Martha,43
Victor,40
David,34
Ronald,32
Don,24
Marcus,61
Maurice,51
Lee,24
Bobby,43
John,21
Wayne,26
Clarence,64
Hulda,64
Harvey,65
Howard,34
Hunter,50
Micheal,42
Theodore,48
Theresa,56
Justin,18
Bertie,19
Melvin,41
Seth,20
Olive,40
Dean,49
Pearl,65
Cody,18
Herbert,50
Stella,61
Curtis,33
Harry,50
Nicholas,39
Lottie,36
Allen,36
Celia,42
Elnora,21
Jesse,43
Willie,53
Antonio,50
Lucile,20
Jeanette,59
Joel,42
Gertrude,44
Kevin,33
Shawn,51
Allie,35
Troy,44
Stella,35
Sophia,31
Adeline,33
Amanda,58
Douglas,53
Verna,22
Tom,25
Vernon,22
Alan,38
Katharine,32
Owen,51
Brandon,33
Jeanette,21
Don,27
Tyler,65
Sadie,55
Eric,30
Dale,46
Austin,33
Steve,59
Curtis,39
Delia,62
Lenora,32
Ellen,39
David,55
Ola,49
Vincent,64
Nancy,42
Cordelia,51
Hattie,24
Gilbert,36
Tillie,22
Birdie,61
Garrett,42
Jessie,63
Lida,51
Earl,30
Augusta,49
Edgar,46
Sean,25
Lulu,20
Delia,36
Lily,61
Warren,58
Alexander,40
Ann,45
Steve,51
Maud,34
Corey,62
Owen,29
Vernon,33
Hattie,62
Celia,63
Billy,62
Earl,34
Nora,45
Lee,31
Mabelle,40
Susie,23
Francis,23
Emily,28
Tommy,62
Betty,31
Eugene,46
Iva,44
Loretta,57
Dorothy,21
Herbert,63
Charles,29
Luis,32
Jon,56
Genevieve,64
Hattie,46
Emilie,55
Alta,65
Bettie,63
Margaret,24
Louise,34
Richard,46
Gregory,46
Ronnie,54
Teresa,57
Ethel,42
Dennis,54
Troy,55
Bertie,44
Alexander,23
Ernest,29
Landon,22
Rosie,54
Isabella,33
Marguerite,46
Glen,63
Aiden,25
Viola,23
Grace,47
Mark,27
Charlotte,35
Pearl,24
Lilly,38
Delia,36
Minerva,22
Clifford,18
Andre,40
Stella,55
Lilly,51
Joel,65
Lou,44
Ryan,20
Melvin,46
Harry,62
Peter,23
Sophie,35
Gene,43
Nelle,54
May,65
Mitchell,56
Stephen,44
Sadie,48
Mamie,23
Phillip,39
Micheal,29
Lola,51
Micheal,30
Ryan,27
Maud,60
Caroline,44
Maurice,50
Anne,58
Curtis,26
Larry,38
Earl,34
Derek,55
Julian,51
Wesley,61
Rosalie,27
Georgia,28
Irene,20
Ronnie,56
Rosalie,55
Lola,27
Franklin,63
Janie,29
Alan,25
Cordelia,21
Frederick,55
Harry,60
Angel,54
Elmer,32
Eva,24
Frederick,25
Katie,44
Stephen,57
Bobby,40
Ray,30
Irene,61
Jacob,65
Joshua,23
John,34
Daniel,41
Myrtle,54
Grace,24
Charles,32
Lulu,19
William,58
Hallie,57
Flora,62
Charlie,27
Bryan,34
Marcus,46
Jerry,30
Bruce,52
Alvin,42
Bernice,31
Derek,53
Hettie,60
Michael,58
Josephine,65
Elnora,19
Gertrude,45
Wayne,53
Elijah,61
Jerome,43
Jason,48
Christine,37
Stephen,63
Milton,58
Millie,53
Eleanor,26
Clifford,51
Thomas,54
Douglas,53
Randall,47
Franklin,23
Evan,35
Ethan,37
Brian,52
Sallie,32
Albert,55
Rosalie,57
Myrtle,27
Fannie,19
Shane,35
Alex,45
Adam,51
Joe,41
Francis,51
Jeanette,42
Ronnie,43
Randall,37
Lou,27
Steve,28
Johanna,29
Richard,52
Timothy,43
Rena,21
Julian,18
Scott,46
Lester,44
Evelyn,61
Peter,37
Chris,32
Charles,50
Marion,39
Norman,23
